{"learning_rate": 0.0009466983437788047, "weight_decay": 1.8354605963691714e-05, "temperature": 0.028045283772454285, "model_type": "resnet18"}