epoch,train_loss,train_f1,train_accuracy,val_f1,val_accuracy
1.0,0.008279031947584182,0.08831349206349208,0.10416666666666667,0.16536437583112248,0.12137359384251035
